Autor,Citas,Fecha,Link,Titulo
"E Gualda, , Empiria: Revista de metodología de ciencias sociales, 2022 , dialnet.unirioja.es",10,2022,https://dialnet.unirioja.es/descarga/articulo/8238025.pdf,"Social big data, sociología y ciencias sociales computacionales"
"GF Rosati,, AS Chazarreta, L Domenech Burin… , 2023 , ri.conicet.gov.ar",1,2023,https://ri.conicet.gov.ar/bitstream/handle/11336/223001/CONICET_Digital_Nro.34a677c6-0fe7-442e-8f01-6287253f215f_B.pdf?sequence=2&isAllowed=y,Ciencias Sociales Computacionales: Un estado de la cuestión y una agenda de investigación
"G Becerra,, JA Castorina , Cinta de moebio, 2023 , SciELO Chile",5,2023,https://www.scielo.cl/scielo.php?pid=S0717-554X2023000100050&script=sci_arttext&tlng=en,Hacia un análisis de los marcos epistémicos del big data
"G Rosati,, LD Burin, F Piñeyrúa , ides.org.ar",0,Null,https://www.ides.org.ar/sites/default/files/docs/2023/taller-de-ciencias-sociales-computacionales-ides-untref.pdf,"Ciencias Sociales Computacionales, Big Data y Machine Learning. Un mapa de situación del giro computacional en las ciencias sociales"
"M Day, , RevIISE: Revista de Ciencias Sociales y Humanas, 2022 , dialnet.unirioja.es",0,2022,https://dialnet.unirioja.es/descarga/articulo/8412920.pdf,Reseña del artículo “Ciencias Sociales Computacionales Desafíos y Oportunidades”
"MH López,, EMR Félix, ,RO Ruiz, , Informes Psicológicos, 2021 , dialnet.unirioja.es",0,2021,https://dialnet.unirioja.es/descarga/articulo/8326409.pdf,El ciber-rumor y cybergossip en Colombia: una reflexión desde la ciberpsicología y las ciencias sociales computacionales
"E Gualda Caballero,, ,A Taboada Villamarín,… , 2023 , digibug.ugr.es",5,2023,https://digibug.ugr.es/bitstream/handle/10481/79779/Gazeta-2023-39-1-articulo-09.pdf?sequence=1&isAllowed=y,"'Big data'y ciencias sociales. Una mirada comparativa a las publicaciones de antropología, sociología y trabajo social"
"HM Herrera,López,, EMR Félix, ,R Ortega,Ruiz, , academia.edu",0,Null,https://www.academia.edu/download/90246993/6633.pdf,El ciber-rumor y cybergossip en Colombia: una reflexión desde la ciberpsicología y las ciencias sociales computacionales* 16
"J Caro Saiz,, S Díaz,de la Fuente, ,V Ahedo,… , 2020 , digital.csic.es",0,2020,https://digital.csic.es/bitstream/10261/220574/1/Zurro-2020-Ciencias%20Sociales%20Computacionales%20y...pdf,Ciencias Sociales Computacionales y Humanidades Digitales: un ejemplo de praxis transdisciplinar
"S Díaz,de la Fuente,, ,V Ahedo,, ,D Zurro,… , Terra Incognita: Libro …, 2020 , pressbooks.pub",0,2020,https://pressbooks.pub/terraincognita/chapter/ciencias-sociales-computacionales-y-humanidades-digitales-un-ejemplo-de-praxis-transdisciplinar/,Ciencias Sociales Computacionales y Humanidades Digitales: un ejemplo de praxis transdisciplinar
"ME Meneses Rocha , Revista mexicana de sociología, 2018 , scielo.org.mx",56,2018,https://www.scielo.org.mx/scielo.php?pid=S0188-25032018000200415&script=sci_arttext,"Grandes datos, grandes desafíos para las ciencias sociales"
"JDL Villar,, ,RCL Villar, , … : Revista de divulgación científica de la …, 2019 , dialnet.unirioja.es",2,2019,https://dialnet.unirioja.es/descarga/articulo/7156042.pdf,Complejidad y ciencia de sistemas: aproximación a su impacto actual en el mundo
"M Servent , Revista Disputas, 2022 , revistas.unc.edu.ar",0,2022,https://revistas.unc.edu.ar/index.php/disputas/article/download/39886/40042,Laboratorios en Ciencias Sociales:“Pasar de los conceptos a los índices y documentar las etapas de investigación”: Entrevista a German Rosati (Universidad …
"LG Rodríguez Zoya, P Roggero , Polis (Santiago), 2014 , SciELO Chile",50,2014,https://www.scielo.cl/pdf/polis/v13n39/art19.pdf,La modelización y simulación computacional como metodología de investigación social
"RDV Galeano , researchgate.net",0,Null,https://www.researchgate.net/profile/Ruben-Villota-Galeano-2/publication/330325166_Las_Ciencias_Sociales_Computacionales_La_Complejidad_y_sus_Nuevas_Herramientas_para_la_Investigacion_Social_2da_Version_Corregida_y_Ampliada/links/5ebed7af458515626cac7f1b/Las-Ciencias-Sociales-Computacionales-La-Complejidad-y-sus-Nuevas-Herramientas-para-la-Investigacion-Social-2da-Version-Corregida-y-Ampliada.pdf,Las Ciencias Sociales Computacionales: La Complejidad y sus Nuevas Herramientas para la Investigación Social
"AA Cutroni , Revista Intersticios, 2022 , revistas.ucasal.edu.ar",0,2022,http://revistas.ucasal.edu.ar/index.php/IN/article/download/575/516,Las ciencias sociales en los intersticios del big data: guía práctica para no ser conservadores ni caer en el fin de la teoría.
"I Hernández Garcia, , … d'art. Actualité internationale de la …, 2018 , journals.openedition.org",0,2018,https://journals.openedition.org/critiquedart/pdf/27463,"Carlos Eduardo Maldonado, Complejidad de las ciencias sociales. Y de las otras ciencias y disciplinas"
"LE Cadenas , Disertaciones: Anuario electrónico de estudios en …, 2020 , dialnet.unirioja.es",1,2020,https://dialnet.unirioja.es/descarga/articulo/7544704.pdf,El rol de las redes nacionales de investigación y educación en las Ciencias Sociales
"CAF López,, JA Gallego, AM Zapata… , MIRADAS … , researchgate.net",0,Null,https://www.researchgate.net/profile/Carlos-Florez-Lopez/publication/364721068_CARLOS_A_FLOREZ_LOPEZ_CARLOS_MARIO_CORREA_CADAVID_MIRADAS_TRANSVERSALES/links/635837aa96e83c26eb52a36c/CARLOS-A-FLOREZ-LOPEZ-CARLOS-MARIO-CORREA-CADAVID-MIRADAS-TRANSVERSALES.pdf#page=15,Capítulo 1 Analítica en ciencias sociales y grandes volúmenes de datos
"L Rodríguez Zoya , VII Jornadas de Jóvenes …, 2013 , jornadasjovenesiigg.sociales.uba.ar",0,2013,http://jornadasjovenesiigg.sociales.uba.ar/wp-content/uploads/sites/107/2013/10/eje9_rodriguezzoya.pdf,"El interés del modelado y la simulación computacional para las ciencias sociales: repensando la complejidad de la relación entre teoría, epistemología y …"
"VA García , 2021 , investigacion.ubu.es",0,2021,,"Análisis de datos etnográficos, antropológicos y arqueológicos: una aproximación desde las humanidades digitales y los sistemas complejos/analysis of …"
"I Hernández,García, , Artelogie. Recherche sur les arts, le …, 2017 , journals.openedition.org",0,2017,https://journals.openedition.org/artelogie/1609,"Complejidad de las ciencias sociales. Y de otras ciencias y disciplinas. De Carlos Eduardo Maldonado. Ediciones desde abajo. Bogotá, 2016."
"B Aragona, , Empiria: Revista de metodología de ciencias …, 2022 , dialnet.unirioja.es",5,2022,https://dialnet.unirioja.es/descarga/articulo/8238019.pdf,"Tipos de big data y análisis sociológico: usos, críticas y problemas éticos"
"E Gualda, , rabida.uhu.es",0,Null,https://rabida.uhu.es/dspace/bitstream/handle/10272/19925/Gualda_2021_Sociolog%C3%ADa-Computacional-UMA_F-2.pdf?sequence=6,Sociología Computacional y Social Big Data: desafíos teóricos y metodológicos
"M Ciardiello, G Becerra , XIV Jornadas …, 2021 , … .sociales.uba.ar",0,2021,http://jornadasdesociologia2021.sociales.uba.ar/wp-content/uploads/ponencias2021/1439_387.pdf,Nuevas técnicas y abordajes para la sociología política. Un caso de análisis del discurso del ex presidente Mauricio Macri
"LG Rodríguez Zoya, P Roggero , Revista mexicana de ciencias …, 2015 , scielo.org.mx",43,2015,"https://www.scielo.org.mx/scielo.php?pid=S0185-19182015000300227&script=sci_arttext,/scholar?output=instlink&q=info:63OHrb4N1cUJ:scholar.google.com/&hl=es&as_sdt=0,5&as_vis=1&scillfp=1373657956043291580&oi=lle",Modelos basados en agentes: aportes epistemológicos y teóricos para la investigación social
"M Servent , Revista Disputas, 2022 , revistas.unc.edu.ar",0,2022,https://revistas.unc.edu.ar/index.php/disputas/article/download/38266/38290,Redes de investigación científica en América Latina:“Empezar a colaborar es encontrar a alguien que tiene un mismo tipo de obsesiones”: Entrevista a Ernesto …
"I Gindin,, ,M Busso, , … . y Castro Rojas, S., Ciencias sociales y ,Big Data, …, 2021 , academia.edu",1,2021,https://www.academia.edu/download/68890470/LibroCiencias_SocialesyBigData_ORIG_.pdf#page=49,El big data bajo la lupa: notas sobre el retrato de una época
"JAL Rosado , 2019 , academia.edu",0,2019,https://www.academia.edu/download/63147793/Politainment_y_big_data20200430-21513-rxj5uk.pdf,POLITAINMENT Y BIG DATA: LAS AUDIENCIAS EN TWITTER DE EL HORMIGUERO Y EL OBJETIVO EN LAS ELECCIONES GENERALES DE 2019
"LGR Zoya, P Roggero , Revista Mexicana de Ciencias Políticas y …, 2015 , redalyc.org",4,2015,https://www.redalyc.org/pdf/421/42141200009.pdf,Modelos basados en agentes: aportes epistemológicos y teóricos para la investigación social
"G Gónzalez,, ,G Kessler,… , … de Estudios de …, 2024 , estudiosdegenero.colmex.mx",0,2024,https://estudiosdegenero.colmex.mx/index.php/eg/article/view/1015,Brechas de género en las ciencias sociales. Un análisis de citaciones y temáticas científicas en Argentina
"A Plá Castañeda , 2022 , manglar.uninorte.edu.co",1,2022,https://manglar.uninorte.edu.co/bitstream/handle/10584/10270/1129487230.pdf?sequence=1&isAllowed=y,Integración de prácticas de datos como visualización y procesamiento en un curso de ciencias sociales con estudiantes de noveno grado
"I Artificial, WAL Ramírez, ,CRJ González,, ,CS Sánchez,… , seminariosdccd.cua.uam.mx",0,Null,http://seminariosdccd.cua.uam.mx/seminario/sem3.pdf,Propuesta de Seminario de Discusión Académica
"V Ahedo García, , 2021 , riubu.ubu.es",0,2021,,"Análisis de datos etnográficos, antropológicos y arqueológicos: una aproximación desde las humanidades digitales y los sistemas complejos"
"V Brussa , Nuevas mediatizaciones nuevos públicos, 2016 , cim.unr.edu.ar",1,2016,https://cim.unr.edu.ar/assets/archivos/cuadernodelcim_4_nuevas_mediatizaciones_nuevos_publicos.pdf#page=39,Mediatizaciones en tiempos de abundancia de huellas (digitales): Bigdata y métodos digitales para una aproximación a objetos “Stream”
"LR Zoya, P Roggero , POLIS, Revista Latinoamericana, 2014 , redalyc.org",19,2014,https://www.redalyc.org/pdf/305/30533388019.pdf,La modelización y simulación computacional como metodología de investigación social
"TEB Maguire , 2021 , ri.unsam.edu.ar",2,2021,https://ri.unsam.edu.ar/bitstream/123456789/1598/1/TLIC_IDAES_2021_MTEB.pdf,Aprendizaje automático y modelización de tópicos: un estudio de caso sobre la agenda mediática en contexto de las elecciones Argentina 2015
"MI Wences Simón , 2021 , e,archivo.uc3m.es",0,2021,https://e-archivo.uc3m.es/bitstream/handle/10016/37638/interculturalidad_wences_MRCS_2021.pdf?sequence=3,Interculturalidad crítica y decolonialidad epistémica. Apuntes desde el pensamiento crítico latinoamericano para un diálogo simétrico
"CE Maldonado, , Cinta de moebio, 2019 , SciELO Chile",11,2019,https://www.scielo.cl/scielo.php?pid=S0717-554X2019000100114&script=sci_arttext,Tres razones de la metamorfosis de las ciencias sociales en el siglo XXI
"FA Manzano , researchgate.net",0,Null,https://www.researchgate.net/profile/Fernando-Ariel-Manzano/publication/354871296_La_calidad_de_los_datos_estadisticos_en_la_Era_del_Big_Data/links/615204e6154b3227a8b3d0bb/La-calidad-de-los-datos-estadisticos-en-la-Era-del-Big-Data.pdf,La calidad de los datos estadísticos en la Era del Big Data.
"CE Maldonado, , Revista Latinoamericana de Ensayo, 2014 , academia.edu",3,2014,https://www.academia.edu/download/34911577/COMO_PUEDE_SER_LA_BIOLOGIA_LA_NUEVA_BASE_DE_LA_CIENCIA.pdf,Cómo puede ser la biología la nueva base de la ciencia
"A Covello, I Novidelsky, VA Saroff , argentina.gob.ar",0,Null,https://www.argentina.gob.ar/sites/default/files/2023/03/informe_final_uba.pdf,FACULTAD DE CIENCIAS SOCIALES-UNIVERSIDAD DE BUENOS AIRES ARGENTINA FUTURA-JEFATURA DE GABINETE DE MINISTROS
"J Pérez Sánchez, M Castro Ponce, G López López , 2023 , repositorio.comillas.edu",0,2023,https://repositorio.comillas.edu/xmlui/bitstream/handle/11531/86681/Serious_Games_and_AI_Challenges_and_Opportunities_for_Computational_Social_Science.pdf?sequence=-1,Serious Games and AI: Challenges and Opportunities for Computational Social Science
"V Benítez Pérez , 2022 , ri.uaemex.mx",0,2022,http://ri.uaemex.mx/bitstream/handle/20.500.11799/137995/1.%20TESIS_FINAL_VBPNOV22%20(1).pdf?sequence=1,Habilidades de comunicación académica en docentes con actividad de investigación en Ciencias Sociales
"JP Sokil,, D Taraborrelli , networks , … .sociales.uba.ar",0,Null,http://jornadasdesociologia2021.sociales.uba.ar/wp-content/uploads/ponencias2021/1358_360.pdf,Identificación automática de comunidades y su aplicación en eventos políticos en
"I Uman , Avatares de la Comunicación y la Cultura, 2018 , publicaciones.sociales.uba.ar",2,2018,https://publicaciones.sociales.uba.ar/index.php/avatares/article/download/4890/4023,Big Data y Memoria Digital: claves para su exploración e investigación desde las ciencias sociales
"HP Bienvenido,, ,D de Haro Gázquez,… , … : Revista de Cultura …, 2023 , dialnet.unirioja.es",0,2023,https://dialnet.unirioja.es/descarga/articulo/9014288.pdf,"El Big Data como metodología de investigación social: Propuestas, renuncias y dilemas desde la sociología"
"G Vélez Cuartas,, ,F Beigel,, ,D Restrepo Quintero,… , 2022 , bibliotecadigital.udea.edu.co",3,2022,https://bibliotecadigital.udea.edu.co/dspace/bitstream/10495/33410/4/VelezGabriel_ProduccionArgentinaAPC_2022.2.pdf.pdf,La producción argentina en acceso abierto y pagos de APC
"L Manovich, , Revista de Occidente “Presencias del …, 2017 , catedradatos.com.ar",6,2017,https://catedradatos.com.ar/media/Analitica-cultural-Intro.pdf,Analítica cultural
"A Marradi, MEM Leonardelli, LGR Zoya , 2013 , sociales.uba.ar",0,2013,http://www.sociales.uba.ar/wp-content/blogs.dir/219/files/Programa_Marradi.pdf,Actualización en nuevas perspectivas metodológicas
"JLM González , Redes. Revista hispana para el análisis de redes …, 2019 , raco.cat",0,2019,https://www.raco.cat/index.php/Redes/article/download/v30-n1-molina/450959,"¿ Tus secretos? No, no, vendemos tu vida entera"
"M Acosta, , IC: Revista Científica de Información y Comunicación …, 2020 , idus.us.es",10,2020,https://idus.us.es/bitstream/handle/11441/103658/560-Texto%20del%20art%C3%ADculo-1761-1-10-20201228.pdf?sequence=1,La acción conectiva por la visibilización de la diversidad sexual en el fenómeno comunicativo# Luimelia
"R Sosa, , Modelos Clave Para el Diseñador: Ante los Escenarios …, 2016 , researchgate.net",0,2016,https://www.researchgate.net/profile/Ricardo-Sosa/publication/283980997_Afinar_la_mirada_del_disenador_ante_los_escenarios_de_cambio_Modelos_de_simulacion_social_para_bombear_intuiciones_en_el_diseno/links/564a9bbf08ae127ff986b38b/Afinar-la-mirada-del-disenador-ante-los-escenarios-de-cambio-Modelos-de-simulacion-social-para-bombear-intuiciones-en-el-diseno.pdf,Modelos de simulación social para “bombear intuiciones” en el diseño
"LG Rodriguez Zoya , Sociológica (México), 2021 , scielo.org.mx",1,2021,https://www.scielo.org.mx/scielo.php?pid=S0187-01732021000200009&script=sci_arttext,Por un diálogo controversial entre los modelos basados en agentes y la planificación estratégica situacional
"OM Granados Erazo, , repository.javeriana.edu.co",0,Null,,Emergencia global del ecosistema financiero computacional
"P Aragón, , 2019 , tdx.cat",9,2019,https://www.tdx.cat/bitstream/handle/10803/668042/tpa.pdf?sequence=1,Characterizing online participation in civic technologies
"M Mensa,, ,M Vernier,, ,L Cárcamo,Ulloa,, F Ruíz… , Revista De …, 2021 , scielo.org.pe",6,2021,http://www.scielo.org.pe/scielo.php?pid=S1684-09332021000200259&script=sci_arttext&tlng=pt,(In) Equidad de género en la prensa chilena: periodistas y fuentes
"TJM Marín Rojas , 2022 , bibliotecadigital.udea.edu.co",1,2022,https://bibliotecadigital.udea.edu.co/dspace/bitstream/10495/30248/13/MarinThaddeus_2022_IndicadoresRicytEvaluacion.pdf,Sistematización de indicadores de los manuales propuestos por la RICYT: Contribución a la construcción de métricas responsables para la evaluación del desarrollo …
"FG Zimmerman, , 2023 , bibliotecadigital.exactas.uba.ar",0,2023,https://bibliotecadigital.exactas.uba.ar/download/tesis/tesis_n7362_Zimmerman.pdf,Desarrollo de modelos matemáticos y computacionales a partir de experimentos masivos para explicar las dinámicas subyacentes a la polarización ideológica
"G Vélez Cuartas,, ,A Uribe,Tirado,… , Política, gestión y …, 2021 , eprints.rclis.org",3,2021,http://eprints.rclis.org/42824/1/Cap%C3%ADtulo.%20Libro%20vinculaci%C3%B3n%20CLACSO.%20CoLav%20UdeA.pdf,"Hacia una plataforma de métricas y evaluación para América Latina en conocimiento especializado: Ciencias, tecnologías, innovación, artes y humanidades"
"LA Beatriz, ,A Alejandro,, F Alejandro… , 2022 XVII Latin …, 2022 , ieeexplore.ieee.org",0,2022,https://digital.cic.gba.gob.ar/bitstreams/bbc31123-1708-48b8-b318-9f250d85078a/download,AlfaDatizando: a Data Visualization Platform to work Computational Thinking in Digital Humanities
"AM Brito , Diseño y complejidad, 2022 , academia.edu",0,2022,https://www.academia.edu/download/91656471/Diseno_y_complejidad_Utopias_ideales_y_p.pdf#page=216,Una visión de complejidad a los sistemas urba-nos. La modelación basada en agentes (ABM) para la recreación de escenarios urbanos y sus posibilidades
"J Perelló, , metode.es",0,Null,https://metode.es/revistas-metode/monograficos/nuevos-entornos-de-conocimiento.html,Nuevos entornos de conocimiento
"JM Magallanes Reyes , repositorio.pucp.edu.pe",0,Null,https://repositorio.pucp.edu.pe/index/bitstream/handle/123456789/188790/27.pdf?sequence=1,"Datos, algoritmos, política y complejidad social"
"AA Nieto, MG Laitano , 2023 , ri.conicet.gov.ar",0,2023,https://ri.conicet.gov.ar/bitstream/handle/11336/229749/CONICET_Digital_Nro.55241b25-24a8-4bef-ae2c-9fb1d494e9e7_X.pdf?sequence=6&isAllowed=y,Análisis computacional de la conflictividad laboral en Mar del Plata durante el gobierno de Cambiemos (2016-2019)
"AN Quinchía , Economía Creativa, 2022 , ciecpress.centro.edu.mx",0,2022,https://ciecpress.centro.edu.mx/ojs/index.php/CentroTI/article/download/651/364,"Nuevas fronteras de la realidad, nuevas fronteras de los negocios. La antropología de los negocios en los mundos sintéticos"
"N Raimondo Anselmino,, ,AL Cardoso,… , V Simposio Argentino …, 2018 , sedici.unlp.edu.ar",1,2018,https://sedici.unlp.edu.ar/bitstream/handle/10915/71990/Documento_completo.pdf-PDFA.pdf?sequence=1,Articulación artesanal-computacional para el estudio interdisciplinario de posteos en cuentas de Facebook: relato de una experiencia asequible
"GF Rosati, , 2022 , ri.conicet.gov.ar",3,2022,https://ri.conicet.gov.ar/bitstream/handle/11336/187219/CONICET_Digital_Nro.51966e5f-d172-4e09-a8a2-7682074689e3_B.pdf?sequence=2&isAllowed=y,Procesamiento de Lenguaje Natural aplicado a las ciencias sociales: Detección de tópicos en letras de tango
"ME Meneses, ,G Pérez Salazar, , Comunicación y sociedad, 2016 , scielo.org.mx",26,2016,https://www.scielo.org.mx/scielo.php?pid=S0188-252X2016000200043&script=sci_arttext,Cómo y qué se estudia sobre Internet y la Sociedad de la Información en México. Una mirada desde la AMIC
"J Perelló, ,RM Benito,, ,JM Galán Ordax,, ,S Gómez,… , 2017 , riubu.ubu.es",0,2017,http://riubu.ubu.es:8080/bitstream/handle/10259/8695/Perello-Libro_Blanco_Sistemas_Complejos_Socio-Tecnologicos_2023.pdf?sequence=1&isAllowed=y,Libro Blanco de los Sistemas Complejos Socio-Tecnológicos 2018-2022
"AM Astobiza, , Caracteres: estudios culturales y críticos de la …, 2018 , dialnet.unirioja.es",1,2018,https://dialnet.unirioja.es/descarga/articulo/6867939.pdf,Repensando la estructura conceptual del contínuum filosofía-psicología: Uso de big data y minería de datos para analizar la transformación conceptual de la filosofía …
"N Raimondo Anselmino,, AM Sambrana, ,AL Cardoso, , 2017 , ri.conicet.gov.ar",18,2017,https://ri.conicet.gov.ar/bitstream/handle/11336/76055/CONICET_Digital_Nro.047ab110-1e78-451e-9790-3c042be65138_A.pdf?sequence=2&isAllowed=y,Medios tradicionales y redes sociales en Internet: un análisis de los posteos compartidos por los diarios argentinos Clarín y La Nación en Facebook (2010-2015)
"L López,Gallego, ,A Díaz,Lucena,, ,P Vicente,Fernández, , 2023 , burjcdigital.urjc.es",0,2023,https://burjcdigital.urjc.es/bitstream/handle/10115/27156/ChatGPT%203%2C5%20FINAL%20cap%C3%ADtulo.pdf?sequence=1&isAllowed=y,ChatGPT-3.5 y su aplicación científica
"GAB Rojas , siepsi.com.co",0,Null,https://siepsi.com.co/2022/02/14/psicometria-y-machine-learning/,Características de los test en medición psicológica
"M Isaza, , Eleuthera, 2021 , revistasojs.ucaldas.edu.co",4,2021,https://revistasojs.ucaldas.edu.co/index.php/eleuthera/article/download/5194/4697,Acerca de la categoría territorios y paisajes en las lógicas sociales de la complejidad
"AA Nieto, EA Calomarde, ,SG Ferreyra, , 2022 , notablesdelaciencia.conicet.gov.ar",0,2022,,La pandemia en el pago chico: Agenda mediática y comentarios de lectorxs en Mar del Plata 2020-2021
"AP Berardi Spairani,, S Pereyra, M Armelino… , 2023 , ri.conicet.gov.ar",0,2023,https://ri.conicet.gov.ar/bitstream/handle/11336/223515/CONICET_Digital_Nro.26053625-90b3-4579-801e-5c18baafa3c5_B.pdf?sequence=2,De los movimientos sociales al compromiso político: Un itinerario de los estudios sobre movilización
"GJ Vélez Cuartas,, ,DA Restrepo Quintero,… , 2020 , bibliotecadigital.udea.edu.co",3,2020,https://bibliotecadigital.udea.edu.co/dspace/bitstream/10495/16620/1/Informe_2020_Pagos_APC_Colombia.pdf,Identificación de pagos de APC por parte de las instituciones de educación superior (IES) colombianas: énfasis en las pertenecientes al Consorcio Colombia
"A Angourakis, , Vegueta: Anuario de la Facultad de Geografía e …, 2023 , accedacris.ulpgc.es",0,2023,https://accedacris.ulpgc.es/bitstream/10553/120436/1/lugar_simulacion_social.pdf,El lugar de la simulación social en arqueología
"F Piñeyrúa , 2021 , ri.unsam.edu.ar",0,2021,https://ri.unsam.edu.ar/bitstream/123456789/1651/1/TLIC_IDAES_2021_PF.pdf,Procesamiento del lenguaje natural aplicado al estudio de tópicos de noticias de seguridad en Argentina: julio a septiembre 2019
"R Batista Tellez , 2021 , repositorio.uci.cu",0,2021,https://repositorio.uci.cu/bitstream/123456789/9695/1/UCIENCIA_2021_paper_459.pdf,Enfoque transcultural de la ciberseguridad. Desafíos para el balance regional en América Latina
"HA Cortes,López, ,SM Rojas,Tolosa,… , Encuentros con …, 2020 , journal.poligran.edu.co",2,2020,https://journal.poligran.edu.co/index.php/encuentros/article/download/2653/2613,Factores Que Facilitan El Desarrollo De Competencias En Tic
"JM Cotrina,, RS Ariza , 2022 , books.google.com",0,2022,,Rutas metodológicas para la modelización en ciencias: Aproximaciones a la neurociencia social
"LG Rodriguez Zoya, P Roggero… , …, 2015 , publications.ut,capitole.fr",19,2015,https://publications.ut-capitole.fr/id/eprint/32179/1/59541545016.pdf,Pensamiento complejo y ciencias de la complejidad Propuesta para su articulación epistemológica y metodológica
"NAG Cruz , European Physical Journal Special Topics, 2012 , researchgate.net",0,2012,https://www.researchgate.net/profile/Nelson-Gomez-Cruz/publication/325273779_Simulacion_basada_en_agentes_Una_metodologia_para_el_estudio_de_sistemas_complejos/links/5fb8818f299bf104cf6632c9/Simulacion-basada-en-agentes-Una-metodologia-para-el-estudio-de-sistemas-complejos.pdf,6. Simulación basada en agentes: una metodología para el estudio de sistemas complejos
"G González,, ,G Kessler,, ,MV Murillo, , Revista mexicana de sociología, 2024 , scielo.org.mx",0,2024,https://www.scielo.org.mx/scielo.php?pid=S0188-25032024000100009&script=sci_arttext,Campos académicos más allá de la dicotomía centro-periferia
"Y Cesarotto , 2018 , ddd.uab.cat",1,2018,https://ddd.uab.cat/pub/trerecpro/2018/hdl_2072_335833/UAB_TFM_Final_ES_v3_alternative.pdf,El debate académico en curso sobre'big data'y su incidencia en la comprensión de la comunicación mediática contemporánea
"FC Prado, , 2021 , ri.conicet.gov.ar",0,2021,https://ri.conicet.gov.ar/bitstream/handle/11336/157965/CONICET_Digital_Nro.2771e451-116f-44ec-8afb-357b362bea77_B.pdf?sequence=5,Agendas universitarias de investigación en las ciencias sociales argentinas: Estructura temática-disciplinar y multi-escalaridad geográfica
"U Cortés, C Madrid, D Innerarity, M Ryall, C Véliz… , demaquinaseintenciones.wordpress …",0,Null,https://demaquinaseintenciones.wordpress.com/2024/02/10/etica-basada-en-dilemas-si-o-no/comment-page-1/,Ética basada en dilemas:¿ sí o no?
"E Borthiry, E Calomarde… , ACTAS …, 2021 , publicacionescientificas.fadu.uba.ar",0,2021,http://www.publicacionescientificas.fadu.uba.ar/index.php/actas/article/download/1971/2131,Procesos de (auto) aprendizaje de herramientas digitales en la investigación social: nubes de palabras en Twitter
"AL Encina , Cuaderno de trabajo, 2021 , publicacionesanepe.cl",0,2021,https://www.publicacionesanepe.cl/index.php/cdt/article/download/961/637,EVOLUCIÓN Y PROYECCIONES DEL USO DE BIG DATA EN DEFENSA
"JE Miceli,, MP Castro, ,DM Diaz Cordova, , 2020 , ri.conicet.gov.ar",1,2020,https://ri.conicet.gov.ar/bitstream/handle/11336/170248/CONICET_Digital_Nro.2c353066-2a21-4e58-b3a4-5c2298b162b4_B.pdf?sequence=2&isAllowed=y,Cuando los vínculos construyen redes: breve reseña del Grupo Antropocaos
"S eje Temático, N Instancia , tec.ac.cr",0,Null,https://www.tec.ac.cr/sites/default/files/media/doc/15ponencia_iv_congreso_investigacicn_extensicn_sociocultural_y_educativa.pdf,Número de ponencia
"LR Castrillón, L LIBRES , Letras Libres, 2019 , letraslibres.com",2,2019,https://letraslibres.com/wp-content/uploads/2019/05/dosier-castrillon-esp.pdf,El menosprecio del conocimiento científico
"AC Barragán, M Sol, MF Rovelli… , Revista Disputas Facultad … , revistas.unc.edu.ar",0,Null,https://revistas.unc.edu.ar/index.php/disputas/issue/download/2636/676#page=49,"“No se preocupen, el agua está bien”"
"E García Mingo,, ,I Sádaba Rodríguez, , 2023 , repositoriorscj.dyndns.org",1,2023,http://repositoriorscj.dyndns.org:8080/xmlui/bitstream/handle/PSCJ/1473/An%C3%A1lisi%20realidad%20social%20digital.pdf?sequence=1,Análisis de la realidad social digital: Hacia una metodología de la investigación social digital
"JM Magallanes, , Politai, 2010 , revistas.pucp.edu.pe",1,2010,https://revistas.pucp.edu.pe/index.php/politai/article/download/13917/14540/,Reflexiones metodologicas para la ciencia politica del siglo XXI
"LI Rovelli, , Integración y conocimiento, 2023 , memoria.fahce.unlp.edu.ar",2,2023,https://www.memoria.fahce.unlp.edu.ar/art_revistas/pr.16493/pr.16493.pdf,Evaluación responsable y ciencia abierta: agenda de reformas
"R Magallón,Rosa,… , Janus. Net, Dossiê …, 2021 , repositorio.ual.pt",4,2021,https://repositorio.ual.pt/bitstream/11144/5137/6/VOL12%20N1%20DT1.pdf#page=154,Verificación informativa durante la COVID-19: análisis comparativo en los países del sur de Europa
"S eje Temático , tec.ac.cr",0,Null,https://www.tec.ac.cr/sites/default/files/media/doc/15marco_politico_estrategico_investigacion_conciliado_con_23_vf.pdf,Instancias
"LGR Zoya, P Roggero, ,PGR Zoya, , Argumentos, 2015 , redalyc.org",7,2015,https://www.redalyc.org/pdf/595/59541545016.pdf,Pensamiento complejo y ciencias de la complejidad. Propuesta para su articulación epistemológica y metodológica
"E Fisher , Archipielago. Revista cultural de nuestra América, 2021 , revistas.unam.mx",0,2021,https://revistas.unam.mx/index.php/archipielago/article/download/80870/71247,Democracia y distopías en tiempos de conspiraciones
"E Ortoll Espinet,, ,A Canals,… , … Científica, 2014, 37 …, 2014 , openaccess.uoc.edu",17,2014,https://openaccess.uoc.edu/bitstream/10609/92596/1/parameters.pdf,Principales parámetros para el estudio de la colaboración científica en big science
"IH García,, RN Bernal, ,JH García, , 2021 , books.google.com",2,2021,,Estética poshumana: Interacción entre sistemas naturales y artificiales
"J Gorraiz, , Anuario ThinkEPI, 2014 , thinkepi.scimagoepi.com",1,2014,https://thinkepi.scimagoepi.com/index.php/ThinkEPI/article/download/29576/15685,La comunicación científica en 2013. Reflexiones sobre la comunidad informétrica: más enredados que nunca
"J Gorraiz, , core.ac.uk",0,Null,https://core.ac.uk/download/pdf/296529294.pdf,D. COMUNICACIÓN CIENTÍFICA
"A Uribe,Tirado,, ,J Ochoa,Gutiérrez,, ,C Pallares,… , Palabra …, 2019 , SciELO Argentina",11,2019,http://www.scielo.org.ar/scielo.php?pid=S1853-99122019000200078&script=sci_arttext,Situación del acceso abierto en las universidades. Caso y modelo de análisis Universidad de Antioquia
"A Nieto , Drassana: revista del Museu Marítim, 2020 , raco.cat",3,2020,https://www.raco.cat/index.php/Drassana/article/download/385136/478239/,Intersecciones entre historia digital e historia social: un ejercicio de lectura distante sobre la conflictividad marítima en la historia argentina reciente
"G Vélez Cuartas, , Construcción de problemas de investigación: Diálogos … , researchgate.net",1,Null,https://www.researchgate.net/profile/Gabriel-Velez-Cuartas/publication/354590075_Analisis_de_redes_y_aplicaciones_cienciometricas_desde_estados_del_arte_hacia_mapas_de_conocimiento/links/619c0c7707be5f31b7ac442a/Analisis-de-redes-y-aplicaciones-cienciometricas-desde-estados-del-arte-hacia-mapas-de-conocimiento.pdf,Análisis de redes y aplicaciones cienciometrías: desde estados del arte hacia mapas de conocimiento
"FA Manzano, D Avalos , Ciencias administrativas, 2023 , SciELO Argentina",0,2023,http://www.scielo.org.ar/scielo.php?pid=S2314-37382023000200002&script=sci_arttext,"Análisis de calidad de los datos en las estadísticas públicas y privadas, ante la implementación del big data"
"CE Maldonado, , Praxis Pedagógica, 2020 , revistas.uniminuto.edu",1,2020,https://revistas.uniminuto.edu/index.php/praxis/article/download/2312/2103,El seminario más antiguo de complejidad en América Latina
"A Rodríguez Sánchez, LM Rivero González… , Revista Cubana de …, 2023 , scielo.sld.cu",0,2023,http://scielo.sld.cu/scielo.php?pid=S2307-21132023000100026&script=sci_arttext,Análisis de sentimientos y tópicos sobre las vacunas cubanas Soberana 02 y Abdala en Twitter
"DJ Díaz García,, ,C Boj, , 2019 , repositori.uji.es",0,2019,https://repositori.uji.es/xmlui/bitstream/handle/10234/183727/65877.pdf?sequence=1,Prácticas artísticas en la época del dataceno. Data Biography: rastros digitales para la exploración biográfica de la identidad personal
"G Vélez Cuartas,, ,A Uribe,Tirado,… , Palabra …, 2019 , SciELO Argentina",20,2019,http://www.scielo.org.ar/pdf/pacla/v8n2/1853-9912-pacla-8-02-11-12.pdf,Hacia un modelo de medición de la ciencia desde el Sur Global: métricas responsables
"T Seibert , cdsa.aacademica.org",0,Null,https://cdsa.aacademica.org/000-074/56.pdf,democracia? Un análisis partiendo del macrismo
"HC Gómez, , gobierno.udd.cl",0,Null,https://gobierno.udd.cl/cpp/files/2021/05/An%C3%A1lisis-n%C2%BA41.pdf,Violencia Intrafamiliar contra la Mujer: Distribución Territorial y Espacial en el Gran Santiago
"C Gaviria Castaño , 2023 , bibliotecadigital.udea.edu.co",0,2023,https://bibliotecadigital.udea.edu.co/bitstream/10495/36703/8/GaviriaCynthia_2023_BuscadorSemanticoCovid.pdf,Buscador semántico para facilitar la detección de los artículos más importantes para el campo de la medicina respecto al COVID
"I Siles,, ,J Espinoza Rojas,, A Méndez Marenco , Palabra Clave, 2019 , scielo.org.co",23,2019,http://www.scielo.org.co/scielo.php?pid=S0122-82852019000100002&script=sci_arttext,La investigación sobre tecnología de la comunicación en América Latina: un análisis crítico de la literatura (2005-2015)
"E Chavarría,Mora, , Anuario Centro de Investigación y Estudios …, 2023 , revistas.ucr.ac.cr",0,2023,https://revistas.ucr.ac.cr/index.php/ciep/article/download/54481/56405,Análisis computacional del uso de Twitter durante los debates presidenciales del 2022 en Costa Rica
"P Palacios,, ,D García, , 2021 , kops.uni,konstanz.de",0,2021,https://kops.uni-konstanz.de/bitstream/handle/123456789/59972/Papacios_2-1a0tpq4ynm4ak9.pdf?sequence=1,¿ Qué pueden enseñarnos las ciencias de la complejidad sobre política y democracia?
"S Alles Torrent,, ,G del Rio Riande,… , Publicaciones de la …, 2020 , sedici.unlp.edu.ar",2,2020,https://sedici.unlp.edu.ar/bitstream/handle/10915/139691/Documento_completo.pdf?sequence=4,Narrativas digitales de la COVID-19 en Twitter: de los datos a la interpretación
"L Prignano,, ,S Lozano, , … y nuevas formas de investigación en el …, 2020 , pressbooks.pub",2,2020,https://pressbooks.pub/terraincognita/chapter/prignano-l-lozano-s-interacciones-que-dejan-huella-hacia-una-ciencia-de-redes-de-los-objetos-que-quedaron/,Hacia una ciencia de redes de los objetos que quedaron: una aproximación transdisciplinaria
"S Wise , 1970 , cf6,www.ifla.org",2,1970,https://cf6-www.ifla.org/files/assets/services-for-parliaments/newsletters/iflaparl_newsletter_2018_2_july_spanish.pdf,Mensaje de la presidencia
"S Xaudiera, , Quaderns del CAC, 2022 , dialnet.unirioja.es",0,2022,https://dialnet.unirioja.es/descarga/articulo/8634547/2.pdf,La gestió de la infodèmia a Catalunya durant el primer any de la pandèmia de la Covid-19
"R Magallón,Rosa,… , JANUS. NET e,journal of …, 2021 , repositorio.ual.pt",6,2021,https://repositorio.ual.pt/bitstream/11144/5148/6/PT-dossie%20tematico%20RI%20e%20redes%20sociais_Julho2021_art10.pdf,Information verification during Covid-19. Comparative analysis in Southern European countries
"PO Miura,, LS de la Plata Cury… , methaodos. revista de …, 2015 , methaodos.org",0,2015,https://www.methaodos.org/revista-methaodos/index.php/methaodos/article/view/91,Adolescentes embarazadas víctimas de violencia intrafamiliar en Brasil: consecuencias psicológicas y sociales
"R Cúnsulo Gómez, M Fantoni, JP Lucero , … Av. Valparaíso s/n. CP: 5000 … , revistas.unc.edu.ar",0,5000,https://revistas.unc.edu.ar/index.php/disputas/issue/download/2546/625#page=94,La política habitacional para personas con discapacidad
"R Baltar,, CS Baltar , Simbiótica. Revista Eletrônica, 2021 , periodicos.ufes.br",1,2021,https://periodicos.ufes.br/simbiotica/article/download/37345/24616,Reflexões sobre os percursos metodológicos em ciência social computacional
"G Velez Cuartas,, ,D Restrepo,… , Available at SSRN …, 2019 , papers.ssrn.com",0,2019,,Métricas de Vinculación Universidad-Entorno: Universidad de Antioquia (Metrics for University Linkage with the Environment: Universidad De Antioquia)
"E Ortoll,, ,A Canals,, ,M Garcia,… , Revista Española de …, 2014 , redc.revistas.csic.es",0,2014,https://redc.revistas.csic.es/index.php/redc/article/download/872/1185/0,LA COLABORACIÓN CIENTÍFICA/SCIENTIFIC COLLABORATION
"F Seoane Pérez,, ,M Martínez Nicolás,… , Profesional de la …, 2020 , uvadoc.uva.es",7,2020,https://uvadoc.uva.es/bitstream/handle/10324/65851/EPI%202020%20Seoane_Martinez_Vicente.pdf?sequence=1&isAllowed=y,Fuga de talento en la investigación española sobre Comunicación: percepción de los investigadores españoles en el extranjero
"E Gualda, , rabida.uhu.es",0,Null,http://rabida.uhu.es/dspace/bitstream/handle/10272/21281/Gualda_2022_Simposio-UNMDP_COVID19_Negacionismo.pdf?sequence=2,"Antivacunas, antimascarillas, negacionismo y teorías de la conspiración en tiempos de COVID-19:# Madrid16a en Twitter como caso de estudio"
"G del Rio Riande,, ,S Alles Torrent,… , Publicaciones de la …, 2021 , aacademica.org",0,2021,https://www.aacademica.org/rodeleon/82.pdf,Narrativas digitales de la COVID-19 en Twitter: de los datos a la interpretación
"C Lucas Espinosa , 2021 , oa.upm.es",0,2021,https://oa.upm.es/68472/1/TFG_Jul21_De_Lucas_Espinosa_Cristina.pdf,"Tendencias de segregación urbana en Vallekas. Cómo parametrizarlas, predecirlas y evitarlas"
"A Aminahuel, ,ME Rodríguez, , 2023 , ri.conicet.gov.ar",0,2023,https://ri.conicet.gov.ar/bitstream/handle/11336/225981/CONICET_Digital_Nro.41dca960-e1dd-43d8-bdff-4e0b6f1cd8b4_B.pdf?sequence=2&isAllowed=y,Buscando la verdad perdida. Cómo estudiar la desinformación en la era digital: aportes teórico metodológicos
"AB Soriano , SCIO: Revista de Filosofía, 2022 , revistas.ucv.es",2,2022,https://revistas.ucv.es/scio/index.php/scio/article/download/1057/1099,Vigencia de la crítica de Heidegger a la cibernética
"L Cárcamo,Ulloa,, ,C Mellado,… , Profesional de …, 2022 , revista.profesionaldelainformacion …",3,2022,https://revista.profesionaldelainformacion.com/index.php/EPI/article/download/86941/63233,"Galileo, a data platform for viewing news on social networks"
"D Díaz,, CB Tovar , Artnodes: revista de arte, ciencia y tecnología, 2019 , dialnet.unirioja.es",4,2019,https://dialnet.unirioja.es/descarga/articulo/7382693.pdf,Artistic practices in the age of the datacene. Data Biography:: digital traces to biographically explore personal identity
"CMC Cadavid, , researchgate.net",0,Null,https://www.researchgate.net/profile/Carlos-Florez-Lopez/publication/364721068_CARLOS_A_FLOREZ_LOPEZ_CARLOS_MARIO_CORREA_CADAVID_MIRADAS_TRANSVERSALES/links/635837aa96e83c26eb52a36c/CARLOS-A-FLOREZ-LOPEZ-CARLOS-MARIO-CORREA-CADAVID-MIRADAS-TRANSVERSALES.pdf,MIRADAS TRANSVERSALES
"L Prignano,, M Gómez, ,I Pastó,, ,Á Arenas,, Y Moreno… , ifisc.uib,csic.es",0,Null,https://www.ifisc.uib-csic.es/users/maxi/UOM/Sociotecnicos/REF_Sociotecnicos.pdf,3B Scient
"M Acosta , Más poder local, 2022 , dialnet.unirioja.es",6,2022,https://dialnet.unirioja.es/descarga/articulo/8421852.pdf,"El debate presidencial en Argentina: Twitter, líderes de opinión y discusión polarizada"
"S Pinto, , 2020 , bibliotecadigital.exactas.uba.ar",0,2020,https://bibliotecadigital.exactas.uba.ar/download/tesis/tesis_n7067_Pinto.pdf,Análisis de la influencia de los medios de comunicación en la formación de opinión: de modelos basados en agentes a análisis de datos
"A Quian, , 2016 , e,archivo.uc3m.es",2,2016,https://e-archivo.uc3m.es/bitstream/handle/10016/23221/quian_impacto_tesis_2016.pdf,Impacto mediático y político del activismo hacker en la sociedad red. Estudio de caso: WikiLeaks
"DJ Foguelman, , 2023 , bibliotecadigital.exactas.uba.ar",0,2023,https://bibliotecadigital.exactas.uba.ar/download/tesis/tesis_n7250_Foguelman.pdf,Métodos formales para el modelado y simulación de sistemas complejos con propiedades emergentes
"U recomendación de Erick Espíritu , sociologiaenlaunjfsc.wordpress.com",0,Null,https://sociologiaenlaunjfsc.wordpress.com/2018/12/26/el-despojo-infinito-mexico-visto-a-traves-de-david-harvey-por-alejandro-de-coss/,"El despojo infinito: México visto a través de David Harvey, por Alejandro de Coss"
"V D'hers, AL Cervio , Digithum, 2019 , raco.cat",8,2019,https://www.raco.cat/index.php/Digithum/article/download/373029/466657,"Dolor social, conflictividad y pobreza: un abordaje desde las experiencias de inmigrantes limítrofes en la Ciudad de Buenos Aires"
"WA Orjuela Garzón, , 2020 , repository.upb.edu.co",0,2020,https://repository.upb.edu.co/bitstream/handle/20.500.11912/8158/An%C3%A1lisis%20de%20las%20din%C3%A1micas%20de%20interacci%C3%B3n%20entre%20agentes.pdf?sequence=1,Análisis de las dinámicas de interacción entre agentes en el proceso de transferencia de tecnologías
"N Garrido,Skurkowicz, , 2023 , openaccess.uoc.edu",0,2023,https://openaccess.uoc.edu/bitstream/10609/149359/1/garrido_cis_grafos.pdf,Modelos de Grafos Aleatorios Exponenciales (ERGMs): posibilidades de aplicación y ejemplos prácticos
"M Barbeta,Viñas , Revista Española de Sociología, 2023 , recyt.fecyt.es",3,2023,https://recyt.fecyt.es/index.php/res/article/download/95439/72779,La plataformización del consumo: algoritmos y desimbolización
"JE Miceli,, M Castro, ,DD Cordova, , AWARI, 2020 , awari.pro,metrics.org",1,2020,https://awari.pro-metrics.org/index.php/a/article/download/30/28,When links build networks: brief history about the Antropocaos Group
"FMM Loayza Castañeda, EY Rubio Rodríguez , repositorioacademico.upc.edu.pe",0,Null,https://repositorioacademico.upc.edu.pe/bitstream/handle/10757/659516/Loayza_CF.pdf?sequence=3,Habilidades del equipo de ciencia de datos en la empresa moderna
"H Fernando, ,M Suárez,Tamayo,, ,J Calle, , scholar.archive.org",0,Null,https://scholar.archive.org/work/izojm5exsre5poc2cbklcxwptu/access/wayback/http://www.memoria.fahce.unlp.edu.ar/art_revistas/pr.9932/pr.9932.pdf,Hacia un modelo de medición de la ciencia desde el Sur Global: métricas responsables
"A Castro,, MI Merino , repositorio.pucp.edu.pe",0,Null,https://repositorio.pucp.edu.pe/index/bitstream/handle/123456789/133823/LibroResumenes_Congreso_IEI%202018.pdf?sequence=1,Segundo Congreso Latinoamericano de Investigación y Educación Superior Interdisciplinaria: libro de resúmenes
"E de Titto,, A Savino , researchgate.net",0,Null,https://www.researchgate.net/profile/Ernesto-De-Titto/publication/374165827_Inteligencia_artificial_y_ambiente/links/6511c1a52c6cfe2cc20ff090/Inteligencia-artificial-y-ambiente.pdf,Desafío e impacto en el medio ambiente
"JC Sánchez, C Torrijos , 2023 , books.google.com",0,2023,,"La primavera de la inteligencia artificial: Imaginación, creatividad y lenguaje en una nueva era tecnológica"
"AM Osorio,López, ,A Uribe,Tirado,… , Palabra Clave (La …, 2019 , redalyc.org",1,2019,https://www.redalyc.org/journal/3505/350560860007/350560860007.pdf,Situación del acceso abierto en las universidades. Caso y modelo de análisis Universidad de Antioquia
"L Rovelli,, AL González , … abiertas y sistemas de evaluación en …, 2023 , clacso.org",1,2023,https://www.clacso.org/wp-content/uploads/2023/11/DTFC91.pdf#page=6,1. Lineamientos para la Ciencia Abierta e incentivos desde la evaluación de la investigación en Iberoamérica
"E Aguado,López,, ,A Becerril,García,, ,A Macedo,García,… , 2023 , zaloamati.azc.uam.mx",2,2023,http://zaloamati.azc.uam.mx/bitstream/handle/11191/9975/Metodologia-evaluacion_de_la_ciencia_en_acceso_abierto_digital_diamante.pdf?sequence=1,Metodología para la evaluación de la ciencia en acceso abierto digital diamante
"N Aruguete, , 2021 , ri.conicet.gov.ar",3,2021,https://ri.conicet.gov.ar/bitstream/handle/11336/157936/CONICET_Digital_Nro.686b8d0c-9b94-4281-86b6-e0f5b89b7514_B.pdf?sequence=5,Activación de encuadres mediáticos en redes sociales
"U mirada a la Educación Ubicua , sociologiaenlaunjfsc.wordpress.com",0,Null,https://sociologiaenlaunjfsc.wordpress.com/2020/07/02/una-mirada-a-la-educacion-ubicua-por-carmen-baez-y-eduardo-clunie/,Una mirada a la Educación Ubicua. Por Carmén Baez y Eduardo Clunie
"AL Cervio , 2019 , ri.conicet.gov.ar",0,2019,https://ri.conicet.gov.ar/bitstream/handle/11336/117314/CONICET_Digital_Nro.c2028dab-1b80-42d5-8f46-1c9431c16fd2_A.pdf?sequence=2&isAllowed=y,"Dolor social, conflictividad y pobreza: un abordaje desde las experiencias de inmigrantes limítrofes en la Ciudad de Buenos Aires"
"BJC Robayo,, MFS Torres, JDR Sánchez , Inspirar Crear , repository.udem.edu.co",0,Null,https://repository.udem.edu.co/bitstream/handle/11407/8226/Inspirar_para_crear.pdf?sequence=1&isAllowed=y#page=187,Mediaciones digitales como modelos de instrumentalización social y su posible emancipación
"EGB Monsalve , 2021 , books.google.com",4,2021,,Análisis de redes sociales: Conceptos y técnicas para la investigación social
"MB Viñas , RES. Revista Española de Sociología, 2023 , dialnet.unirioja.es",0,2023,https://dialnet.unirioja.es/descarga/articulo/8944619.pdf,La plataformización del consumo: algoritmos y desimbolización
"L Cárcamo,Ulloa,, ,C Mellado,… , Profesional de la …, 2022 , academia.edu",0,2022,https://www.academia.edu/download/96955859/310512_Carcamo_Mellado_Blana_Saez_Castellano.pdf,"Galileo, una plataforma de datos para leer noticias en redes sociales"
"PE Calvo, ,T Ventura, , voces, 2022 , vocesenelfenix.economicas.uba.ar",0,2022,https://vocesenelfenix.economicas.uba.ar/percepcion-subjetiva-de-riesgo-e-identidades-politicas-en-brasil/,Percepción subjetiva de riesgo e identidades políticas en Brasil
"G Gónzalez,, ,G Kessler,, ,MV Murillo, , … de estudios de género de El …, 2024 , scielo.org.mx",0,2024,https://www.scielo.org.mx/pdf/riegcm/v10/2395-9185-riegcm-10-e1015.pdf,Gender Gaps in the Social Sciences: An Analysis of Citations and Scientific Topics in Argentina
"N Uribe Monsalve , 2023 , bibliotecadigital.udea.edu.co",0,2023,https://bibliotecadigital.udea.edu.co/bitstream/10495/37711/1/UribeNatalia_2023_AnalisisNarrativasMaestros.pdf,Maestro: compositor de saberes pedagógicos. Un análisis de narrativas a partir del Procesamiento del Lenguaje Natural
"CI ESPINOSA , core.ac.uk",0,Null,https://core.ac.uk/download/pdf/326606710.pdf,CAPíTULO 1. EL TRATAMIENTO DE
"C Pallares,, ,G Velez Cuartas,… , Revista española de …, 2022 , papers.ssrn.com",4,2022,http://eprints.rclis.org/44198/1/TiradoUribe_2022_AccesoAbiertoPagosAPC.pdf,Situación del acceso abierto y los pagos por APC en Colombia. Un modelo de análisis aplicable a Latinoamérica (Situation of Open Access and APC Payments in …
"P Ramirez,, D Samoilovich , … //forocilac. org/wp …, 2021 , repositorioinstitucional.buap.mx",10,2021,https://repositorioinstitucional.buap.mx/bitstreams/dd016cac-48fb-4186-aa67-7992f28b8ee4/download,Ciencia abierta en América Latina
"AEH Gómez, AMM Castellanos, ,CE Maldonado,… , researchgate.net",0,Null,https://www.researchgate.net/profile/Carlos-Maldonado-13/publication/369766336_Complejo_es_muy_diferente_a_sistemico/links/642c2a93ad9b6d17dc354008/Complejo-es-muy-diferente-a-sistemico.pdf,贖 凹戰器
"F Funes, I Álvarez,Hamelin… , Simposio Argentino de …, 2022 , sedici.unlp.edu.ar",0,2022,https://sedici.unlp.edu.ar/bitstream/handle/10915/151589/Documento_completo.pdf?sequence=1,Geolocalización de usuarios en Twitter utilizando redes convolucionales de grafos
"G Valerio,Ureña,, D Herrera,Murillo… , … Revista hispana para …, 2024 , revistes.uab.cat",0,2024,https://revistes.uab.cat/redes/article/download/v35-n1-valerio-urena-et-al/1035-pdf-es,Dinámica de las comunicaciones de las instituciones sanitarias latinoamericanas en X ante la pandemia de la COVID-19
"K Sherren,, Y Chen, M Mohammadi, Q Zhao… , Current …, 2024 , journals.sagepub.com",2,2024,https://journals.sagepub.com/doi/pdf/10.1177/00113921231203179,Social media and social impact assessment: Evolving methods in a shifting context
"I Siles González,, J Espinoza Rojas… , kerwa.ucr.ac.cr",0,Null,https://www.kerwa.ucr.ac.cr:8443/bitstream/handle/10669/76640/7964-45908-1-PB.pdf?sequence=1&isAllowed=y,La investigación sobre tecnología de la comunicación en América Latina: un análisis crítico de la literatura (2005-2015)
"IM Arana Glave de Rojas, JEL Bossio Montes De Oca , 2021 , lareferencia.info",0,2021,,ISC Marcas de Alto Impacto: El Viaje Creativo-AO06-202102
"F Gülzau, , European Policy Analysis, 2020 , Wiley Online Library",12,2020,https://onlinelibrary.wiley.com/doi/pdfdirect/10.1002/epa2.1072,"A paradigm shift in German family policy: Applying a topic model to map reform and public discourse, 1990–2016"
"G Vélez, ,D Restrepo,, ,A Uribe,Tirado,, ,G Gutiérrez,… , 2020 , eprints.rclis.org",4,2020,http://eprints.rclis.org/40494/1/Consortia_2020_Informe_Final.%20COLAV-UdeA.pdf,Identificación de pagos de APC por parte de las instituciones de educación superior (IES) colombianas. Énfasis en las pertenecientes al Consorcio Colombia
"J Saldarriaga,, ,J Aguirre, , 2014 , books.google.com",7,2014,https://www.academia.edu/download/88073656/335054238.pdf,Sistemas de innovación como sistemas complejos
"JEL Bossio Montes De Oca , 2021 , lareferencia.info",0,2021,,ISC AI Foundations For Everyone-AO21-202102
"S Díaz,de la Fuente,, ,V Ahedo,, ,J Caro,… , Terra Incognita: Libro …, 2020 , pressbooks.pub",3,2020,https://pressbooks.pub/terraincognita/chapter/diaz-de-la-fuente-s-ahedo-v-caro-j-pereda-m-santos-j-i-galan-j-m-analisis-de-la-multidisciplinariedad-de-la-investigacion-en-espana-mediante-la-red-de-proyectos-de/,Análisis de la multidisciplinariedad de la investigación en España mediante la red de proyectos de I+ D+ I coordinados
"Y EL CAMPO SOCIAL , englishatuniversity.com",0,Null,"http://www.englishatuniversity.com/files/Tecnologia,-Sociedad-y-Educacion.pdf","TECNOLOGÍA, SOCIEDAD Y EDUCACIÓN"
"J Fernández Sánchez, , 2020 , openaccess.uoc.edu",0,2020,https://openaccess.uoc.edu/bitstream/10609/119269/6/jfernandezsanchez012TFM0620memoria.pdf,Estudio de los factores que condicionan el uso e interacción de la ciudadanía con las administraciones públicas españolas en la red social Twitter
"LN William Enrique , repositorio.unal.edu.co",0,Null,https://repositorio.unal.edu.co/bitstream/handle/unal/75840/TESIS%20MAESTRIA%20WILLIAM%20LE%C3%93N%20VERSI%C3%93N%20FINAL%2011122019.pdf?sequence=1,Conceptualización y desarrollo de un modelo administrativo basado en la teoría de la complejidad para la renovación vehicular
"KT Soares , Simbiótica. Revista Eletrônica, 2021 , periodicos.ufes.br",0,2021,https://periodicos.ufes.br/simbiotica/article/download/37346/24617,Ciência de Dados Sociais: uma visão sociológica das Humanidades Digitais
"N Aruguete,, ,E Calvo, , 2022 , ri.conicet.gov.ar",1,2022,https://ri.conicet.gov.ar/bitstream/handle/11336/202689/CONICET_Digital_Nro.13059938-bc9a-4134-b9c6-762cbf3efcb1_B.pdf?sequence=2&isAllowed=y,La sustentabilidad del fact checking en tiempos de polarización: Estudio de caso de Argentina durante la pandemia
"EM Frugone , 2023 , repositorio.udesa.edu.ar",0,2023,"https://repositorio.udesa.edu.ar/jspui/bitstream/10908/23509/1/%5BP%5D%5BW%5D%20%20M.%20Ges.%20Frugone,%20Ezequiel%20Mar%C3%ADa.pdf",Adopción de inteligencia artificial y machine learning como asistente en el diagnóstico por imágenes médicas
"JA Del Río Monges , 2022 , bibliodigitalibd.senado.gob.mx",1,2022,http://bibliodigitalibd.senado.gob.mx/bitstream/handle/123456789/5598/NE%20Por%20qu%C3%A9%20ser%C3%ADa%20relevante%20evaluar%20una%20posible%20reconfiguraci%C3%B3n.f.pdf?sequence=1,¿ Por qué sería relevante evaluar una posible reconfiguración de la dinámica institucional de México asociada al impulso del desarrollo?
"N Nocetti , 2019 , repositorio.udesa.edu.ar",7,2019,https://repositorio.udesa.edu.ar/jspui/bitstream/10908/16749/1/%5BP%5D%5BW%5D%20T.%20M.%20Ges.%20Nocetti%2C%20Natalia.pdf,"Promesas de la Inteligencia Artificial y el Aprendizaje Automático para la Banca Tradicional Privada: un análisis de oportunidades, aplicaciones, barreras y riesgos"
"A Piscitelli, ,J Alonso, , 2020 , books.google.com",7,2020,,Innovación y barbarie: Seis verbos para tomar el co (mando)
"ML Eschenhagen,, ,G Vélez,Cuartas,, ,C Maldonado,… , 2018 , books.google.com",9,2018,https://www.academia.edu/download/66084578/capitulo_Cartografias_y_diversidad_epistemica._Montoya._2018.pdf,Construcción de problemas de investigación: diálogos entre el interior y el exterior
"L Huber , 2023 , books.google.com",0,2023,,Democracia 2.0: El poder político en la era digital
"A Martín,Cabello, , 2021 , … .consejodecomunicacion.gob.ec",0,2021,https://repositorio.consejodecomunicacion.gob.ec/bitstream/CONSEJO_REP/5873/1/Las%20audiencias.pdf,La audiencia de los espectáculos y programas taurinos en televisión (2000-2020)
"A Ballesteros, , revistas.ucv.es",0,Null,https://revistas.ucv.es/scio/index.php/scio/article/download/1057/1100?inline=1,VIGENCIA DE LA NOCIÓN DE CIBERNÉTICA EN MARTIN HEIDEGGER VALIDITY OF HEIDEGGER'S NOTION OF CYBERNETICS
"G González,, ,G Kessler,, ,MV Murillo, , Revista mexicana de sociología, 2024 , scielo.org.mx",0,2024,https://www.scielo.org.mx/pdf/rms/v86n1/2594-0651-rms-86-01-9.pdf,Academic fields beyond the center-periphery dichotomy
"AL Robles, , Virtualis, 2022 , revistavirtualis.mx",1,2022,https://www.revistavirtualis.mx/index.php/virtualis/article/download/400/531,Plataformización: algoritmos y datificación en la conversación virtual en Twitter
"FA Manzano, D Avalos , revistas.unlp.edu.ar",0,Null,https://revistas.unlp.edu.ar/CADM/article/download/13228/13913/58532,ARTÍCULO CIENTÍFICO
"J Romaña Palacios , 2023 , bibliotecadigital.udea.edu.co",0,2023,https://bibliotecadigital.udea.edu.co/dspace/bitstream/10495/37676/6/Roma%C3%B1aJhoswar_2023_AnalisisCienciaAbierta.pdf,"Análisis de sitios web de las instituciones de educación superior colombianas, desde el manejo y tratamiento de la ciencia abierta y nuevas propuestas de …"
"D Zurro,, ,JM Galán,, ,M Álvarez,, ,J Caro,… , Terra Incognita: Libro …, 2020 , pressbooks.pub",0,2020,https://pressbooks.pub/terraincognita/chapter/zurro-d-galan-j-m-alvarez-m-caro-j-pereda-m-ahedo-v-briz-i-godino-i-santos-j-i-centro-etc-social-cooperation-and-conflict-in-late-hunter-gatherer-societies-of-tierra-del/,Conflicto y cooperación social en sociedades cazadoras-recolectoras tardías en Tierra de Fuego (Argentina)
"F Gülzau, , 2019 , researchgate.net",0,2019,https://www.researchgate.net/profile/Fabian-Guelzau/publication/336364409_A_paradigm_shift_in_German_family_policy_Applying_a_topic_model_to_map_reform_and_public_discourse_1990-2016/links/5d9dcc25a6fdcc04fac41230/A-paradigm-shift-in-German-family-policy-Applying-a-topic-model-to-map-reform-and-public-discourse-1990-2016.pdf,A paradigm shift in German family policy: Applying a topic model to map reform and public discourse
"YT Ramos Gil, , 2021 , minerva.usc.es",0,2021,https://minerva.usc.es/xmlui/bitstream/handle/10347/27251/rep_2547.pdf?sequence=1,Los modelos de negocio digitales de los periódicos de referencia de los países de la comunidad andina
"D Berliner,, ,B Palmer,Rubin,, JET Reyes, ,B Bagozzi,… , 2022 , osf.io",3,2022,https://osf.io/nbqus/download,Big data y acceso a la información en México
"C Rosas , 2019 , infotec.repositorioinstitucional.mx",1,2019,https://infotec.repositorioinstitucional.mx/jspui/bitstream/1027/462/1/INFOTEC_MDTIC_MICR_07122020.pdf,Protección de datos personales a través de herramientas de procesamiento automatizado de datos: desafíos y recomendaciones.[Propuesta De Intervención para …
"S Díaz,de la Fuente,, ,V Ahedo,, D Zurro… , Terra Incognita: Libro …, 2020 , pressbooks.pub",0,2020,https://pressbooks.pub/terraincognita/chapter/multidisciplinariedad-interdisciplinariedad-transdisciplinariedad/,"Multidisciplinariedad, interdisciplinariedad, transdisciplinariedad"
"G Becerra,, JPLA UNQui , … .sociales.uba.ar",0,Null,http://jornadasdesociologia2021.sociales.uba.ar/wp-content/uploads/ponencias2021/2092_282.pdf,Topic modeling (modelado de tópicos) y los desafíos de la investigación cualitativa
"AS Pulla Mendieta , 2020 , repositorio.espe.edu.ec",0,2020,https://repositorio.espe.edu.ec/bitstream/21000/22501/1/T-ESPE-043844.pdf,Análisis de proyección de ingresos económicos de buques tanqueros mediante el uso de análisis de datos en una compañía naviera
"JCP Sánchez , Revista humanidades, 2024 , scielo.sa.cr",0,2024,https://www.scielo.sa.cr/pdf/rh/v14n1/2215-3934-rh-14-01-00175.pdf,"El territorio posmoderno: un acercamiento normativo a los procesos de producción, organización y orientación del espacio"
"JC Puentes, , Revista Humanidades: Revista de la Escuela de …, 2024 , dialnet.unirioja.es",0,2024,https://dialnet.unirioja.es/descarga/articulo/9261382.pdf,"El territorio posmoderno: un acercamiento normativo a los procesos de producción, organización y orientación del espacio"
"GV Cuartas, , researchgate.net",0,Null,https://www.researchgate.net/profile/Gabriel-Velez-Cuartas/publication/351009677_Notas_para_una_teoria_primitiva_del_sentido/links/607f2c17881fa114b41688e4/Notas-para-una-teoria-primitiva-del-sentido.pdf,Notas para una teoría primitiva del sentido.
"SAP MOLINA , repository.urosario.edu.co",0,Null,https://repository.urosario.edu.co/server/api/core/bitstreams/520e38f0-22d3-48f9-b4b0-4426c509b5c2/content,HACIA UN MODELO BIOINSPIRADO DEL PROCESO INNOVADOR PARA LOS ECOSISTEMAS DE EMPRENDIMIENTO: UNA APROXIMACIÓN DESDE LAS …
"CA de Ciencia Abierta , 2022 , eprints.rclis.org",0,2022,http://eprints.rclis.org/44289/1/documento_final_comite_cayc_-_dic_22.pdf,Diagnóstico y lineamientos para una política de ciencia abierta en Argentina.
"M Feole, JM Dias, M Kunst, Z Carrizo, GG Lavalle , 2023 , fund.ar",0,2023,https://fund.ar/wp-content/uploads/2023/11/Fundar_Guia-practica-para-el-desarrollo-etico-de-sistemas-basados-en-IA_CC-BY-NC-ND-4.0-1.pdf,Guía práctica para el desarrollo ético de sistemas basados en IA
"M Díaz,Andreu,, ,M Portillo, , … y nuevas formas de investigación en el …, 2020 , pressbooks.pub",1,2020,https://pressbooks.pub/terraincognita/chapter/la-interdisciplinariedad-en-la-arqueologia-espanola/,La interdisciplinariedad en la Arqueología española
"MAJ VAZQUEZ, , 2023 , ru.dgb.unam.mx",0,2023,https://ru.dgb.unam.mx/bitstream/20.500.14330/TES01000841337/3/0841337.pdf,FACULTAD DE ECONOMIA
"A Capdevila Gómez,, ,A Casero Ripollés,, E Cozzo… , 2023 , repositori.upf.edu",0,2023,https://repositori.upf.edu/bitstream/handle/10230/56450/Guerrero_cr_popu.pdf?sequence=1&isAllowed=y,Populismo de extrema derecha y redes sociales:¿ el futuro de la democracia en juego?
"M Milia, , Publicación digital, 2019 , flacso.repositorioinstitucional.mx",3,2019,https://flacso.repositorioinstitucional.mx/jspui/bitstream/1026/220/1/Milia_MF.pdf,La energía como horizonte. Un estudio de la evolución de un dominio global de investigación en Energías Renovables y sus especificidades en México y Argentina …
"P Hernández Vegas , 2019 , oa.upm.es",0,2019,https://oa.upm.es/63747/1/TFM_PEDRO_HERNANDEZ_VEGAS.pdf,Sistema interactivo para la creación de terminologías basado en patrones morfosintácticos
"J Acebo Gutiérrez, R Rodríguez Gallegos , 2019 , repositorio.tec.mx",1,2019,https://repositorio.tec.mx/bitstream/handle/11285/636392/18-11-29%20Libro%202%20del%20GIIE%20-%20libro%20integrado_con%20cambios%20%283%29.docx?sequence=4&isAllowed=y,Innovación educativa en estudios socioculturales: implicaciones prácticas
"M Coto,Sarmiento, , … y nuevas formas de investigación en el …, 2020 , pressbooks.pub",1,2020,https://pressbooks.pub/terraincognita/chapter/coto-sarmiento-m-sit-tibi-data-levis-nuevos-enfoques-para-entender-la-economia-romana-desde-la-arqueologia-computacional/,Sit tibi data levis: el rol de los métodos cuantitativos en arqueología
"CS Huamaní Buiza, C Meneses Buiza , 2021 , repositorio.autonoma.edu.pe",1,2021,https://repositorio.autonoma.edu.pe/bitstream/handle/20.500.13067/1517/Huaman%C3%AD%2C%20Carlos%20y%20Meneses%2C%20Christian.pdf?sequence=3&isAllowed=y,"Implementación de un chatbot, utilizando SCRUM y XP, para el proceso de atención al cliente en una empresa financiera"
"GR Martínez, ,DR Gonzáles,Miranda, , 2018 , books.google.com",0,2018,,Tratado de estudios organizacionales: Volumen 1. Teorización sobre el campo
"EA Salazar,Bravo , 2022 , rei.iteso.mx",0,2022,https://rei.iteso.mx/bitstream/handle/11117/8470/PR%C3%81CTICAS%20Y%20PRODUCTOS%20DE%20INVESTIGADORES%20ACAD%C3%89MICOS%20DE%20LA%20COMUNICACI%C3%93N%20DE%20LA%20UANL%20Y%20EL%20ITESO%20EN%20REFERENCIA%20AL%20ESTATUTO%20DISCIPLINAR.pdf?sequence=1&isAllowed=y,Prácticas y productos de investigadores académicos de la comunicación de la UANL y el ITESO en referencia al estatuto disciplinar
"CR Montoya, AE Gómez , 2022 , books.google.com",0,2022,,Humanismos en el siglo XXI¿ Qué humanismo para qué sociedad?
"HRB Sánchez, ,JCG Sandoval,… , … de la Educación, 2021 , revista,iberoamericana.org",0,2021,https://revista-iberoamericana.org/index.php/es/article/download/189/424,Las Redes Sociales Virtuales y la Población Migrante Digital
"PH Vegas, M Rico , oa.upm.es",0,Null,http://oa.upm.es/id/eprint/63750/contents,Sistema interactivo para la creación de terminologías basado en patrones morfosintácticos
"FJ Jiménez Patricio , 2020 , oa.upm.es",0,2020,https://oa.upm.es/63750/1/TFM_PEDRO_HERNANDEZ_VEGAS.pdf,Análisis de nuevos atributos en el sistema de Query Prefetching de un Endpoint SPARQL
"LC Donato Colombari , 2022 , repositorio.ulacit.ac.cr",0,2022,https://repositorio.ulacit.ac.cr/bitstream/handle/20.500.14230/10442/REF-1652218584-2.pdf?sequence=2,Uso de la tecnología para una mejor calidad de vida a través de nuevas prácticas
"P Luvini, JM Dias, M Kunst, ,JPR Nicolini,… , 2023 , fund.ar",0,2023,https://fund.ar/wp-content/uploads/2023/10/Fundar_Estrategia-Nacional-Datos_CC-BY-NC-ND4.0.pdf,Hacia un Estado Inteligente
"M RIORDA , democraciayparlamento.com.ar",0,Null,https://democraciayparlamento.com.ar/wp-content/uploads/2023/06/Parlamento-Futuro.pdf#page=129,"Si cambia la comunicación, cambia la representación"
"MG Laitano, AA Nieto , 2022 , ri.conicet.gov.ar",1,2022,https://ri.conicet.gov.ar/bitstream/handle/11336/205463/CONICET_Digital_Nro.fab5c250-930d-43d5-ac6c-b12e089d4d37_B.pdf?sequence=2,La conflictividad social en los barrios de Mar del Plata (2016-2020): un acercamiento computacional
"H Puerto San Román , 2018 , riuma.uma.es",0,2018,https://riuma.uma.es/xmlui/bitstream/handle/10630/15347/Haritzpuertosanromanmemoria.pdf?sequence=1,Modelado de temas para el análisis de la similitud entre usuarios en Twitter
"AJL Robles , 2023 , repositorio.xoc.uam.mx",0,2023,https://repositorio.xoc.uam.mx/jspui/retrieve/d7a13f29-f5f0-461c-b991-7187c6b1f63f/200131.pdf,Unidad Académica Xochimilco
"G Contreras,, G Laitano, A Nieto, N Rabino , Collective Memory Narratives …, 2023 , Springer",0,2023,,Workers' Memories: Distant Reading Exercises
"M Datts,, ,M Schultze, , Policy & Internet, 2022 , Wiley Online Library",1,2022,https://onlinelibrary.wiley.com/doi/pdf/10.1002/poi3.294,Social media and politics on the local level
"I Romanowska, , … Libro blanco sobre transdisciplinariedad y nuevas …, 2020 , pressbooks.pub",2,2020,https://pressbooks.pub/terraincognita/chapter/romanowska-i-transdisciplinarity-at-its-hardest/,From multi-to interdisciplinarity: a view from archaeology
